DROP TABLE IF EXISTS Interesados CASCADE;
CREATE TABLE Interesados
(
    ID                         INTEGER                  NOT NULL PRIMARY KEY,
    TIPO_DOCUMENTO             VARCHAR(3) DEFAULT 'DNI' NOT NULL,
    DOCUMENTO                  VARCHAR(10)              NOT NULL,
    NOMBRE                     VARCHAR(50)              NOT NULL,
    APELLIDO                   VARCHAR(50)              NOT NULL,
    RESTRINGIDO                BOOLEAN    DEFAULT FALSE NOT NULL,
    NRO_LICENCIA               INTEGER                  NOT NULL,
    FECHA_VENCIMIENTO_LICENCIA TIMESTAMP                NOT NULL
);

DROP TABLE IF EXISTS Marcas CASCADE;
CREATE TABLE Marcas
(
    ID     INTEGER     NOT NULL PRIMARY KEY,
    NOMBRE VARCHAR(30) NOT NULL
);

DROP TABLE IF EXISTS Modelos CASCADE;
CREATE TABLE Modelos
(
    ID          INTEGER      NOT NULL PRIMARY KEY,
    ID_MARCA    INTEGER      NOT NULL,
    DESCRIPCION VARCHAR(255) NOT NULL,
    CONSTRAINT Modelo_Marca_FK FOREIGN KEY (ID_MARCA) REFERENCES Marcas (ID)
);

DROP TABLE IF EXISTS Empleados CASCADE;
CREATE TABLE Empleados
(
    LEGAJO            INTEGER     NOT NULL PRIMARY KEY,
    NOMBRE            VARCHAR(30) NOT NULL,
    APELLIDO          VARCHAR(50) NOT NULL,
    TELEFONO_CONTACTO BIGINT      NOT NULL
);

DROP TABLE IF EXISTS Vehiculos CASCADE ;
CREATE TABLE Vehiculos
(
    ID        INTEGER              NOT NULL PRIMARY KEY,
    PATENTE   VARCHAR(10)          NOT NULL,
    ID_MODELO INTEGER              NOT NULL,
    ANIO      INTEGER DEFAULT 2019 NOT NULL,
    CONSTRAINT Vehiculos_Modelos_FK FOREIGN KEY (ID_MODELO) REFERENCES Modelos (ID)
);

DROP TABLE IF EXISTS Pruebas CASCADE;
CREATE TABLE Pruebas
(
    ID                INTEGER      AUTO_INCREMENT         NOT NULL PRIMARY KEY,
    ID_VEHICULO       INTEGER                             NOT NULL,
    ID_INTERESADO     INTEGER                             NOT NULL,
    ID_EMPLEADO       INTEGER                             NOT NULL,
    FECHA_HORA_INICIO TIMESTAMP DEFAULT CURRENT_TIMESTAMP NOT NULL,
    FECHA_HORA_FIN    TIMESTAMP,
    COMENTARIOS       VARCHAR(500),
    CONSTRAINT Pruebas_Interesados_FK FOREIGN KEY (ID_INTERESADO) REFERENCES Interesados (ID),
    CONSTRAINT Pruebas_Vehiculos_FK FOREIGN KEY (ID_VEHICULO) REFERENCES Vehiculos (ID),
    CONSTRAINT Pruebas_Empleados_FK FOREIGN KEY (ID_EMPLEADO) REFERENCES Empleados (LEGAJO)
);

INSERT INTO Empleados (LEGAJO, NOMBRE, APELLIDO, TELEFONO_CONTACTO) VALUES (1, 'Ramiro', 'David', '3519320781');
INSERT INTO Empleados (LEGAJO, NOMBRE, APELLIDO, TELEFONO_CONTACTO) VALUES (2, 'Mario', 'Gonzalez', '3519755412');
INSERT INTO Empleados (LEGAJO, NOMBRE, APELLIDO, TELEFONO_CONTACTO) VALUES (3, 'Germán', 'Darín', '3519104863');
INSERT INTO Empleados (LEGAJO, NOMBRE, APELLIDO, TELEFONO_CONTACTO) VALUES (4, 'Tomás', 'Fernandez', '3528124471');

INSERT INTO Interesados (ID, TIPO_DOCUMENTO, DOCUMENTO, NOMBRE, APELLIDO, RESTRINGIDO, NRO_LICENCIA, FECHA_VENCIMIENTO_LICENCIA) VALUES (1, 'DNI', '12598904', 'Miriam', 'Tomaselli', FALSE, 16854, '2025-01-01');
INSERT INTO Interesados (ID, TIPO_DOCUMENTO, DOCUMENTO, NOMBRE, APELLIDO, RESTRINGIDO, NRO_LICENCIA, FECHA_VENCIMIENTO_LICENCIA) VALUES (2, 'DNI', '34587589', 'Ruben', 'Paredes', FALSE, 32355, '2025-01-01');
INSERT INTO Interesados (ID, TIPO_DOCUMENTO, DOCUMENTO, NOMBRE, APELLIDO, RESTRINGIDO, NRO_LICENCIA, FECHA_VENCIMIENTO_LICENCIA) VALUES (3, 'DNI', '45906542', 'Germán', 'Franco', FALSE, 35445, '2025-01-01');
INSERT INTO Interesados (ID, TIPO_DOCUMENTO, DOCUMENTO, NOMBRE, APELLIDO, RESTRINGIDO, NRO_LICENCIA, FECHA_VENCIMIENTO_LICENCIA) VALUES (4, 'DNI', '26541580', 'Francisco', 'Alonso', FALSE, 7824, '2025-01-01');

INSERT INTO Marcas (ID, NOMBRE) VALUES (1, 'Alfa Romeo');
INSERT INTO Marcas (ID, NOMBRE) VALUES (2, 'Audi');
INSERT INTO Marcas (ID, NOMBRE) VALUES (3, 'BAIC');
INSERT INTO Marcas (ID, NOMBRE) VALUES (4, 'BMW');
INSERT INTO Marcas (ID, NOMBRE) VALUES (5, 'CHERY');
INSERT INTO Marcas (ID, NOMBRE) VALUES (6, 'Chevrolet');
INSERT INTO Marcas (ID, NOMBRE) VALUES (7, 'Chrysler');
INSERT INTO Marcas (ID, NOMBRE) VALUES (8, 'Citröen');
INSERT INTO Marcas (ID, NOMBRE) VALUES (9, 'Dodge');
INSERT INTO Marcas (ID, NOMBRE) VALUES (10, 'DS');
INSERT INTO Marcas (ID, NOMBRE) VALUES (11, 'FIAT');
INSERT INTO Marcas (ID, NOMBRE) VALUES (12, 'Ford');
INSERT INTO Marcas (ID, NOMBRE) VALUES (13, 'Geely');
INSERT INTO Marcas (ID, NOMBRE) VALUES (14, 'Hoda');
INSERT INTO Marcas (ID, NOMBRE) VALUES (15, 'Hyundai');
INSERT INTO Marcas (ID, NOMBRE) VALUES (16, 'Jeep');
INSERT INTO Marcas (ID, NOMBRE) VALUES (17, 'Kia');
INSERT INTO Marcas (ID, NOMBRE) VALUES (18, 'Mercedes Benz');
INSERT INTO Marcas (ID, NOMBRE) VALUES (19, 'Nissan');
INSERT INTO Marcas (ID, NOMBRE) VALUES (20, 'Peugeot');
INSERT INTO Marcas (ID, NOMBRE) VALUES (21, 'Renault');
INSERT INTO Marcas (ID, NOMBRE) VALUES (22, 'Toyota');
INSERT INTO Marcas (ID, NOMBRE) VALUES (23, 'Volkswagen');
INSERT INTO Marcas (ID, NOMBRE) VALUES (24, 'Volvo');


INSERT INTO Modelos (ID, ID_MARCA, DESCRIPCION) VALUES (1, 1, '147 5P 2,0 TS DISTINCTIVE');
INSERT INTO Modelos (ID, ID_MARCA, DESCRIPCION) VALUES (2, 2, 'A4 4P 1,8 TFSI ATTRACTION MULTI');
INSERT INTO Modelos (ID, ID_MARCA, DESCRIPCION) VALUES (3, 3, 'X35 5P 1,5 T CVT FASHION');
INSERT INTO Modelos (ID, ID_MARCA, DESCRIPCION) VALUES (4, 4, '325 COUPE 2,5 i EXECUTIVE');
INSERT INTO Modelos (ID, ID_MARCA, DESCRIPCION) VALUES (5, 5, 'Fulwin 5P 1,5');
INSERT INTO Modelos (ID, ID_MARCA, DESCRIPCION) VALUES (6, 6, 'Agile 5P 1,4 LTZ');
INSERT INTO Modelos (ID, ID_MARCA, DESCRIPCION) VALUES (7, 7, '300 4P 5,7 C HEMI ATX');
INSERT INTO Modelos (ID, ID_MARCA, DESCRIPCION) VALUES (8, 8, 'C3 Aircross 5P 1,6 16V SEGURIDAD');
INSERT INTO Modelos (ID, ID_MARCA, DESCRIPCION) VALUES (9, 9, 'Journey 5P 2,4 SE 2F AT');
INSERT INTO Modelos (ID, ID_MARCA, DESCRIPCION) VALUES (10, 10, 'DS 3 3P 1,6 VTi SPORT CHIC');
INSERT INTO Modelos (ID, ID_MARCA, DESCRIPCION) VALUES (11, 11, '500 2P 1,4 16V 100CV SPORT');
INSERT INTO Modelos (ID, ID_MARCA, DESCRIPCION) VALUES (12, 12, 'Ecosport 5P 1,6 FREESTYLE');
INSERT INTO Modelos (ID, ID_MARCA, DESCRIPCION) VALUES (13, 13, '515 5P 1,5 HATCH GS');
INSERT INTO Modelos (ID, ID_MARCA, DESCRIPCION) VALUES (14, 14, 'Accord 4P 2,0 T EXT 10AT');
INSERT INTO Modelos (ID, ID_MARCA, DESCRIPCION) VALUES (15, 15, 'Santa Fe 5P 2,7 V6 4WD GLS 7P');
INSERT INTO Modelos (ID, ID_MARCA, DESCRIPCION) VALUES (16, 16, 'Cherokee 5P 2,8 CRD SPORT AT');
INSERT INTO Modelos (ID, ID_MARCA, DESCRIPCION) VALUES (17, 17, 'Cerato 4P 1,6 EX FORTE');
INSERT INTO Modelos (ID, ID_MARCA, DESCRIPCION) VALUES (18, 18, 'A200 5P BLUEEFFICIENCY STYLE');
INSERT INTO Modelos (ID, ID_MARCA, DESCRIPCION) VALUES (19, 19, 'Leaf 5P TEKNA');
INSERT INTO Modelos (ID, ID_MARCA, DESCRIPCION) VALUES (20, 20, '207 3P 1,6 XT COMPACT PREMIUM');
INSERT INTO Modelos (ID, ID_MARCA, DESCRIPCION) VALUES (21, 21, 'Captur 5P 1,6 LE COP SPORTIF CVT');
INSERT INTO Modelos (ID, ID_MARCA, DESCRIPCION) VALUES (22, 22, 'Etios 5P 1,5 X C/AUDIO');
INSERT INTO Modelos (ID, ID_MARCA, DESCRIPCION) VALUES (23, 23, 'Gol Trend 3P 1,6 GP PACK I');
INSERT INTO Modelos (ID, ID_MARCA, DESCRIPCION) VALUES (24, 24, 'C30 3P 2,0 AT P2');


INSERT INTO Vehiculos (ID, PATENTE, ID_MODELO, ANIO) VALUES (1, 'AB125AA', 1, 2015);
INSERT INTO Vehiculos (ID, PATENTE, ID_MODELO, ANIO) VALUES (2, 'AG125AA', 2, 2019);
INSERT INTO Vehiculos (ID, PATENTE, ID_MODELO, ANIO) VALUES (3, 'AE005BB', 3, 2024);
INSERT INTO Vehiculos (ID, PATENTE, ID_MODELO, ANIO) VALUES (4, 'AF150EZ', 4, 2016);
INSERT INTO Vehiculos (ID, PATENTE, ID_MODELO, ANIO) VALUES (5, 'AA102ER', 5, 2004);
INSERT INTO Vehiculos (ID, PATENTE, ID_MODELO, ANIO) VALUES (6, 'AC874MN', 8, 2017);